frage;antwort;beispielsatz;beispiel_uebersetzung
"letzte";"last";"The rain stopped at last.";"Schließlich hörte es auf zu regnen."
"Kind";"child";"Bess is simply a child.";"Bess ist nur ein Kind."
"erzählen";"tell";"Tell me about your plan.";"Erzähle mir von deinem Plan!"
"wirklich";"really";"She's really smart, isn't she?";"Sie ist wirklich intelligent, oder?"
"rufen";"call";"Please call me a doctor.";"Bitte, rufen Sie mir einen Arzt!"
"vor";"before";"It might rain before evening.";"Es wird wohl vor heute Abend noch regnen."
"durch";"through";"The Kamo runs through Kyoto.";"Der Kamo fließt durch Kyoto."
"herunter";"down";"We skied down the slope.";"Wir fuhren die Abfahrt herunter."
"zeigen";"show";"Show me what you bought.";"Zeig mir, was du gekauft hast."
"Leben";"life";"Face life with a smile!";"Stell dich dem Leben lächelnd!"
"Mensch";"man";"Every man has his price.";"Jeder Mensch ist käuflich."
"ändern";"change";"Why do you need change?";"Warum braucht man Kleingeld?"
"Bude";"place";"I'll come to your place.";"Ich komme zu dir."
"lang";"long";"Your hair is too long.";"Dein Haar ist zu lang."
"zwischen";"between";"It's all over between us.";"Es ist aus zwischen uns."
"spüren";"feel";"How do you feel now?";"Wie fühlst du dich jetzt?"
"zu";"too";"You're too suspicious about everything.";"Du bist allem gegenüber zu misstrauisch."
"noch";"still";"Hello? Are you still here?";"Hallo? Bist du noch da?"
"schreiben";"write";"Write your name in capitals.";"Schreib deinen Namen in Großbuchstaben."
"gleich";"same";"Are they all the same?";"Sind sie alle gleich?"
"Menge";"lot";"A lot of fish perished.";"Eine Menge Fische gingen ein."
"versuchen";"try";"Try your best in everything.";"Versuche, in allem dein Bestes zu geben!"
"lassen";"leave";"Did you leave a tip?";"Hast du ein Trinkgeld dagelassen?"
"Zahl";"number";"Twelve is an even number.";"Zwölf ist eine gerade Zahl."
"beide";"both";"We are both to blame.";"Wir haben beide Schuld."
"Rolle";"part";"Play the part of Hamlet.";"Spiele die Rolle des Hamlet!"
"Punkt";"point";"This point deserves special emphasis.";"Dieser Punkt ist hervorzuheben."
"wenig";"little";"There is little wine left.";"Es ist nur noch wenig Wein übrig."
"Hilfe";"help";"I don't need your help.";"Ich brauche deine Hilfe nicht."
"fragen";"ask";"May I ask a question?";"Erlauben Sie mir eine Frage?"
"treffen";"meet";"Whenever they meet, they quarrel.";"Immer, wenn sie sich treffen, streiten sie sich."
"Ruck";"start";"What time does it start?";"Wann beginnt es?"
"reden";"talk";"Let's talk over the matter.";"Lassen Sie uns über die Sache reden."
"etwas";"something";"Please do something about it.";"Bitte tue etwas dagegen."
"stellen";"put";"Just put those packages anywhere.";"Stellen Sie die Pakete einfach irgendwo hin."
"noch einer";"another";"There must be another way.";"Es muss doch noch eine andere Möglichkeit geben!"
"werden";"become";"Any task may become painful.";"Jede Aufgabe kann zur Qual werden."
"Interesse";"interest";"Thank you for your interest.";"Danke für ihr Interesse."
"Land";"country";"The king governed the country.";"Der König regierte das Land."
"alt";"old";"Helen is seventeen years old.";"Helen ist siebzehn Jahre alt."
"jeder";"each";"Each person is a world.";"Jeder Mensch ist eine Welt."
"Schule";"school";"I was late to school.";"Ich bin zu spät in die Schule gekommen."
"spät";"late";"I was late to school.";"Ich bin zu spät in die Schule gekommen."
"hoch";"high";"How high can you jump?";"Wie hoch können Sie springen?"
"anders";"different";"Baseball is different from cricket.";"Baseball ist anders als Cricket."
"weg";"off";"You are way off track.";"Du bist vom Weg abgekommen."
"nächster";"next";"It may freeze next week.";"Nächste Woche wird es vielleicht Frost geben."
"Ende";"end";"I'm at my wit's end.";"Ich bin mit meinem Latein am Ende."
"leben";"live";"We cannot live without air.";"Ohne Luft kann man nicht leben."
"warum";"why";"Why don't we go home?";"Wieso gehen wir nicht heim?"
"solange";"while";"Enjoy life while you may.";"Genieße das Leben, solange du es kannst!"
"Welt";"world";"Each person is a world.";"Jeder Mensch ist eine Welt."
"spielen";"play";"Do you not play tennis?";"Spielen Sie kein Tennis?"
"müssen";"must";"We must think about friends.";"Wir müssen an Freunde denken."
"Zuhause";"home";"Why don't we go home?";"Wieso gehen wir nicht heim?"
"nie";"never";"We never work on Sunday.";"Wir arbeiten sonntags nie."
"Kurs";"course";"The ship changed its course.";"Das Schiff änderte seinen Kurs."
"Haus";"house";"The house was in flames.";"Das Haus stand in Flammen."
"berichten";"report";"Can the report be true?";"Kann der Bericht stimmen?"
"Gruppe";"group";"Tom isn't in our group.";"Tom ist nicht in unserer Gruppe."
"Fall";"case";"That is not the case.";"Das ist nicht der Fall."
"um";"around";"Don't beat around the bush.";"Rede nicht um den heißen Brei herum!"
"Buch";"book";"You may keep the book.";"Du darfst das Buch behalten."
"Familie";"family";"My family are all well.";"In meiner Familie geht es allen gut."
"scheinen";"seem";"You seem an honest man.";"Sie scheinen ein ehrlicher Mann zu sein."
"lassen";"let";"Let go of the rope.";"Lass das Seil los!"
"wieder";"again";"Classes are starting again soon.";"Der Unterricht fängt bald wieder an."
"bewahren";"keep";"Can you keep a secret?";"Könnt ihr ein Geheimnis bewahren?"
"hören";"hear";"I can hardly hear you.";"Ich höre dich kaum."
"System";"system";"This system has obvious defects.";"Dieses System hat offensichtliche Makel."
"jeder";"every";"Every effort deserves a reward.";"Jeder Arbeiter ist seines Lohnes wert."
"Frage";"question";"May I ask a question?";"Erlauben Sie mir eine Frage?"
"während";"during";"No admittance during the performance.";"Kein Einlass während der Vorstellung."
"immer";"always";"One can always find time.";"Man kann immer Zeit finden."
"groß";"big";"It is anything but big.";"Das ist überhaupt nicht groß."
"klein";"small";"How small this book is!";"Wie klein das Buch ist!"
"lernen";"study";"You must study much harder.";"Du musst viel fleißiger lernen."
"folgen";"follow";"I don't quite follow you.";"Ich kann Ihnen nicht ganz folgen."
"anfangen";"begin";"What shall I begin with?";"Womit soll ich anfangen?"
"wichtig";"important";"Accuracy is important in arithmetic.";"Genauigkeit ist beim Rechnen wichtig."
"seither";"since";"Have you been here since?";"Bist du seither hier gewesen?"
"laufen";"run";"May I run with you?";"Kann ich mit dir laufen?"
"unter";"under";"We are under his command.";"Wir stehen unter seinem Befehl."
"drehen";"turn";"Turn your face this way.";"Drehe dein Gesicht in diese Richtung."
"wenig, wenige";"few";"Few people attended the meeting.";"Nur ein paar Leute nahmen an der Sitzung teil."
"bringen";"bring";"Bring your brother with you.";"Bring deinen Bruder mit."
"früh";"early";"We got an early start.";"Wir brachen morgens früh auf."
"Hand";"hand";"My right hand is numb.";"Meine rechte Hand ist taub."
"Staat";"state";"You can't estimate this state.";"Du kannst den Staat nicht abschätzen."
"bewegen";"move";"Don't you move from here.";"Beweg dich nicht von der Stelle."
"Geld";"money";"Haven't you got any money?";"Hast du kein Geld?"
"Fakt";"fact";"You should emphasize that fact.";"Du solltest diesen Fakt betonen."
"Gebiet";"area";"Infect the area with cholera.";"Stecke das Gebiet mit Cholera an."
"Name";"name";"Is that a common name?";"Ist das ein geläufiger Name?"
"lesen können";"read";"Can you read this kanji?";"Kannst du dieses Kanji-Zeichen lesen?"
"Freund";"friend";"You are my best friend.";"Du bist mein bester Freund."
"Monat";"month";"The meeting was last month.";"Das Treffen war letzten Monat."
"groß";"large";"Mr White's yard is large.";"Der Garten von Herrn White ist groß."
"Angelegenheit";"business";"It's none of your business.";"Das geht dich nichts an!"
"ohne";"without";"Nothing is achieved without effort.";"Ohne Anstrengung erreicht man nichts."
"Information";"information";"Thank you for the information.";"Danke für die Information."
"offen";"open";"The desk drawer is open.";"Die Schublade des Schreibtischs ist offen."
"Ordnung";"order";"Everything is in good order.";"Alles ist in bester Ordnung."
"Regierung";"government";"The government oppressed the people.";"Die Regierung unterdrückte das Volk."
"Wort";"word";"I give you my word.";"Ich gebe dir mein Wort."
"Problem";"issue";"This is a serious issue.";"Das ist ein ernstes Problem."
"Markt";"market";"He breeds cattle for market.";"Er züchtet für den Markt Rinder."
"bezahlen";"pay";"Please pay at the register.";"Bitte bezahlen Sie an der Kasse."
"bauen";"build";"Birds build nests of twigs.";"Vögel bauen Nester aus Zweigen."
"halten";"hold";"Hold on to the rope.";"Halt dich an dem Seil fest."
"Dienst";"service";"Tom enlisted in the service.";"Tom trat in den Dienst ein."
"gegen";"against";"The students revolted against authority.";"Die Studenten lehnten sich gegen die Obrigkeit auf."
"glauben an";"believe";"Do you believe in God?";"Glaubst du an Gott?"
"zweite";"second";"Everyone deserves a second chance.";"Jeder verdient eine zweite Chance."
"allerdings";"though";"The journey was lovely, though exhausting.";"Die Reise war schön, allerdings ermüdend."
"Lieber";"love";"They say love is blind.";"Man sagt, Liebe mache blind."
"Arbeit";"job";"You did an excellent job.";"Sie haben ausgezeichnete Arbeit geleistet."
"Plan";"plan";"I approve of your plan.";"Ich billige Ihren Plan."
"Ergebnis";"result";"The result will satisfy him.";"Das Ergebnis wird ihn zufriedenstellen."
"weg";"away";"Don't throw away your chance.";"Wirf deine Chance nicht einfach so weg!"
"Beispiel";"example";"You've set a bad example.";"Sie haben ein schlechtes Beispiel abgegeben."
"geschehen";"happen";"Nobody can foresee what'll happen.";"Niemand kann voraussehen, was geschehen wird."
"Angebot";"offer";"She accepted our offer notwithstanding.";"Nichtsdestoweniger akzeptierte sie unser Angebot."
"jung";"young";"The night is still young.";"Die Nacht ist noch jung."
"zumachen";"close";"Shall I close the door?";"Soll ich die Tür zumachen?"
"Sendung";"program";"This program is a rerun.";"Diese Sendung ist eine Wiederholung."
"verstehen";"understand";"I understand your position perfectly.";"Ich kann deinen Standpunkt nur zu gut verstehen."
"danken";"thank";"You ought to thank him.";"Du müsstest ihm danken."
"weit weg";"far";"The station is pretty far.";"Der Bahnhof ist ziemlich weit weg."
"heute";"today";"It is very hot today.";"Heute ist es sehr heiß."
"Student";"student";"Are you a Japanese student?";"Sind Sie ein japanischer Student?"
"Gesicht";"face";"Turn your face this way.";"Drehe dein Gesicht in diese Richtung."
"hoffen";"hope";"I hope you'll like it.";"Ich hoffe, es wird dir gefallen."
"Idee";"idea";"Please sum up your idea.";"Fass deine Idee bitte zusammen."
"kosten";"cost";"How much will it cost?";"Wie viel wird das kosten?"
"weniger";"less";"Drink less and sleep more.";"Trink weniger und schlaf mehr."
"Platz";"room";"Make room for the baggage.";"Mach Platz für das Gepäck!"
"bis";"until";"Kelly worked until he dropped.";"Kelly arbeitete bis zum Umfallen."
"Vernunft";"reason";"It is contrary to reason.";"Es widerspricht der Vernunft."
"Formular";"form";"Fill out this form, please.";"Bitte füllen Sie dieses Formular aus."
"verbringen";"spend";"They spend the night together.";"Sie verbringen die Nacht zusammen."
"Kopf";"head";"My head aches so much.";"Mein Kopf schmerzt so sehr."
"Auto";"car";"Can you drive a car?";"Kannst du ein Auto fahren?"
"lernen";"learn";"English is difficult to learn.";"Englisch ist schwer zu lernen."
"Person";"person";"He is a self-oriented person.";"Er ist eine egozentrische Person."
"Erfahrung";"experience";"Experience counts in this job.";"Bei dieser Arbeit zählt Erfahrung."
"einmal";"once";"I swim once a week.";"Ich schwimme einmal pro Woche."
"Mitglied";"member";"Tom is not a member.";"Tom ist kein Mitglied."
"genug";"enough";"I can't thank you enough.";"Ich kann euch nicht genug danken."
"schlecht";"bad";"The milk has gone bad.";"Die Milch ist schlecht geworden."
"Stadt";"city";"Kanazawa is a quiet city.";"Kanazawa ist eine ruhige Stadt."
"Nacht";"night";"It's been snowing all night.";"Es hat die ganze Nacht geschneit."
"imstande, fähig";"able";"Are you able to type?";"Können Sie Maschine schreiben?"
"unterstützen";"support";"I cannot support your conduct.";"Ich kann dein Verhalten nicht unterstützen."
"ob";"whether";"I wonder whether you understand.";"Ich frage mich, ob Sie das verstehen."
"Gerade";"line";"The line is busy now.";"Die Leitung ist gerade besetzt."
"anwesend";"present";"All the members were present.";"Alle Mitglieder waren anwesend."
"Seite";"side";"Lie on your right side.";"Legen Sie sich auf die rechte Seite!"
"ziemlich";"quite";"It has become quite autumnal.";"Es ist ziemlich herbstlich geworden."
"obwohl";"although";"Pinocchio, although alone, defended himself bravely.";"Obwohl er allein war, verteidigte sich Pinocchio tapfer."
"sicher";"sure";"I'm sure of your success.";"Ich bin mir deines Erfolges sicher."
"Begriff";"term";"'Radioactivity' is a chemical term.";"""Radioaktivität"" ist ein chemischer Begriff."
"Alter";"age";"He doesn't look his age.";"Man sieht ihm sein Alter nicht an."
"tief";"low";"Dark clouds are hanging low.";"Dunkle Wolken hängen tief."
"sprechen";"speak";"May I speak to Bill?";"Kann ich mit Bill sprechen?"
"in";"within";"Within every man are thousands.";"In jedem Menschen stecken Tausende."
"Prozess";"process";"It is a multi-stage process.";"Das ist ein mehrstufiger Prozess."
"öffentlich";"public";"I dislike speaking in public.";"Ich spreche nicht gerne öffentlich."
"häufig";"often";"Thermometers often go below zero.";"Thermometer zeigen häufig unter null Grad."
"möglich";"possible";"She's asking how that's possible.";"Sie fragt, wie das möglich ist."
"tatsächlich";"actually";"We actually saw the accident.";"Wir haben den Unfall tatsächlich gesehen."
"lieber";"rather";"I'd rather stay at home.";"Ich bliebe lieber zu Hause."
"Ansicht";"view";"Your view is too optimistic.";"Ihre Ansicht ist zu optimistisch."
"zusammen";"together";"The family ate dinner together.";"Die Familie aß zusammen zu Abend."
"betrachten";"consider";"This is something to consider.";"Dies sollte in Betracht gezogen werden."
"Preis";"price";"The price reflects the demand.";"Der Preis spiegelt die Nachfrage."
"schwer";"hard";"To master English is hard.";"Es ist schwer, Englisch zu meistern."
"Party";"party";"How did the party go?";"Wie war die Party?"
"kontrollieren";"control";"I couldn't control my anger.";"Ich war nicht in der Lage, meine Wut zu kontrollieren."
"schon";"already";"Are my socks dry already?";"Sind meine Socken schon trocken?"
"Besorgnis";"concern";"Thank you for your concern.";"Danke für Ihre Besorgnis."
"Produkt";"product";"They will boycott that product.";"Sie werden dieses Produkt boykottieren."
"abnehmen";"lose";"I want to lose weight.";"Ich will abnehmen."
"Geschichte";"story";"It was a heartbreaking story.";"Das war eine herzzerreißende Geschichte."
"beinahe";"almost";"I almost missed the train.";"Ich hätte beinahe den Zug verpasst."
"fortsetzen";"continue";"We will continue the discussion.";"Wir werden die Diskussion fortsetzen."
"stehen";"stand";"I can't stand it anymore.";"Ich kann es nicht mehr ertragen."
"noch";"yet";"The train hasn't arrived yet.";"Der Zug ist noch nicht angekommen."
"erwarten";"expect";"We expect him to succeed.";"Wir erwarten von ihm, dass er erfolgreich ist."
"Effekt";"effect";"What effect will that have?";"Welchen Effekt wird das haben?"
"jemals";"ever";"Have you ever visited Rome?";"Haben Sie jemals Rom besucht?"
"irgendetwas";"anything";"We cannot really predict anything.";"Wir können nicht wirklich irgendetwas vorhersagen."
"werden";"fall";"The post will fall vacant.";"Der Posten wird frei werden."
"Menge";"deal";"He reads a good deal.";"Er liest viel."
"Wasser";"water";"Fish live in the water.";"Fische leben im Wasser."
"senden";"send";"Please send me another copy.";"Bitte senden Sie mir noch eine Kopie."
"erlauben";"allow";"Please allow me to go.";"Bitte erlauben Sie mir zu gehen."
"bald";"soon";"I will be back soon.";"Ich komme bald wieder zurück."
"ansehen, zusehen";"watch";"Did you watch the game?";"Hast du das Spiel gesehen?"
"Stützpunkt";"base";"This base is now under our control.";"Dieser Stützpunkt steht jetzt unter unserem Befehl."
"wahrscheinlich";"probably";"They'll probably come by car.";"Sie kommen wahrscheinlich mit dem Auto."
"vorschlagen";"suggest";"I'd suggest the following change.";"Ich würde die folgende Änderung vorschlagen."
"Vergangenheit";"past";"Don't worry about the past.";"Mach dir über die Vergangenheit keine Gedanken!"
"Macht";"power";"Power and money are inseparable.";"Macht und Geld sind untrennbar."
"Test";"test";"I found the test difficult.";"Ich fand den Test schwierig."
"besuchen";"visit";"Do come and visit us.";"Komm und besuch uns!"
"Zentrum";"center";"The center is an ideal.";"Das Zentrum ist ein Ideal."
"wachsen";"grow";"Plants grow quickly after rain.";"Pflanzen wachsen schnell, wenn es geregnet hat."
"nichts";"nothing";"Nothing is achieved without effort.";"Ohne Anstrengung erreicht man nichts."
"zurückkehren";"return";"I must return his call.";"Ich muss ihn zurückrufen."
"Mutter";"mother";"Mary looks like her mother.";"Maria sieht wie ihre Mutter aus."
"gehen";"walk";"I always walk to school.";"Ich gehe immer zu Fuß zur Schule."
"Sinn, Verstand";"mind";"Set your mind at ease.";"Seien Sie beruhigt!"
"Wert";"value";"It is of little value.";"Es hat nur geringen Wert."
"Amt";"office";"He resigned from his office.";"Er trat von seinem Amt zurück."
"aufnehmen";"record";"You must record his speech.";"Du musst seine Rede aufnehmen."
"bleiben";"stay";"Will you stay at home?";"Wirst du zu Hause bleiben?"
"Kraft";"force";"Violence is a weak force.";"Gewalt ist eine schwache Kraft."
"aufhören";"stop";"It will stop raining soon.";"Es wird bald aufhören, zu regnen."
"einige";"several";"The temperature fell several degrees.";"Die Temperatur fiel um einige Grad."
"Ampel";"light";"You ran a red light.";"Du hast eine rote Ampel überfahren."
"entwickeln";"develop";"Let's see how things develop.";"Lasst uns schauen, wie sich die Dinge entwickeln."
"sich erinnern";"remember";"I remember seeing her somewhere.";"Ich erinnere mich, sie irgendwo gesehen zu haben."
"beißen";"bit";"She bit into the apple.";"Sie biss in den Apfel."
"Anteil";"share";"Let me pay my share.";"Lass mich meinen Anteil bezahlen!"
"echt";"real";"This diamond is not real.";"Dieser Diamant ist nicht echt."
"Figur";"figure";"Kate has a good figure.";"Kate hat eine gute Figur."
"Brief";"letter";"Are you writing a letter?";"Schreibst du einen Brief?"
"entscheiden";"decide";"It's for you to decide.";"Es ist an Ihnen, zu entscheiden."
"Sprache";"language";"We talked in sign language.";"Wir haben in Zeichensprache gesprochen."
"Unterricht";"class";"Class doesn't begin until eight-thirty.";"Der Unterricht fängt erst um halb neun an."
"Entwicklung";"development";"This is a recent development.";"Das ist eine jüngere Entwicklung."
"Stadt";"town";"The town fell into ruin.";"Die Stadt zerfiel."
"halb";"half";"Well begun is half done.";"Frisch gewagt ist halb gewonnen."
"Minute";"minute";"A minute has sixty seconds.";"Eine Minute entspricht sechzig Sekunden."
"Essen";"food";"Almost everybody appreciates good food.";"Fast jeder schätzt gutes Essen."
"klar";"clear";"The sky has become clear.";"Der Himmel ist wieder klar."
"Zukunft";"future";"You have a bright future.";"Du hast eine glänzende Zukunft."
"her";"ago";"How long ago was that?";"Wie lang ist das her?"
"pro";"per";"It's only six pence per second.";"Es kostet nur sechs Pence pro Sekunde."
"bleiben";"remain";"You want to remain anonymous.";"Du willst anonym bleiben."
"unter";"among";"Divide it among the three.";"Teil es unter den Dreien auf!"
"gewinnen";"win";"Bill will win, won't he?";"Bill wird wohl gewinnen, nicht wahr?"
"Farbe";"color";"Do you like this color?";"Magst du diese Farbe?"
"erreichen";"reach";"How can I reach you?";"Wie kann ich dich erreichen?"
"Stunde";"period";"We have English third period.";"In der dritten Stunde haben wir Englisch."
"über";"across";"Tom walked across the street.";"Tom ging über die Straße."
"Notiz";"note";"He slipped me a note.";"Er steckte mir eine Notiz zu."
"Geschichte";"history";"Generally speaking, history repeats itself.";"Allgemein gesagt: Geschichte wiederholt sich."
"fahren";"drive";"Can you drive a car?";"Kannst du ein Auto fahren?"
"entlang";"along";"We walked along the beach.";"Wir gingen am Strand entlang."
"Typ";"type";"This is not my type.";"Das ist nicht mein Typ."
"gesund";"sound";"She returned safe and sound.";"Sie kam gesund und munter zurück."
"Auge";"eye";"My eye has swollen up.";"Mein Auge ist angeschwollen."
"Musik";"music";"Do you like Mozart's music?";"Magst du die Musik von Mozart?"
"Spiel";"game";"Did you watch the game?";"Hast du das Spiel gesehen?"
"politisch";"political";"He had many political enemies.";"Er hatte viele politische Feinde."
"frei";"free";"Are you free this weekend?";"Hast du dieses Wochenende frei?"
"erhalten";"receive";"Did you receive the letter?";"Haben Sie den Brief erhalten?"
"Moment";"moment";"This is a great moment.";"Dies ist ein grandioser Moment."
"Verkauf";"sale";"His house is for sale.";"Sein Haus steht zum Verkauf."
"weiter";"further";"It's just a little further.";"Es ist eben ein wenig weiter."
"Körper";"body";"Exercise makes your body strong.";"Übung stärkt den Körper."
"brauchen";"require";"We don't require much space.";"Wir brauchen nicht viel Platz."
"warten";"wait";"Wait in the waiting room.";"Warten Sie im Wartezimmer."
"erscheinen";"appear";"Your advert will appear here.";"Ihre Werbung wird hier erscheinen."
"zu";"toward";"The stranger came toward me.";"Der Fremde kam auf mich zu."
"Mannschaft";"team";"Our team won the game.";"Unsere Mannschaft hat das Spiel gewonnen."
"leicht";"easy";"Travelling is easy these days.";"Reisen ist heutzutage leicht."
"Individuum";"individual";"He's a rather rare individual.";"Er ist ein ziemlich seltenes Individuum."
"voll";"full";"The box was almost full.";"Die Kiste war fast voll."
"schwarz";"black";"The toast has burned black.";"Der Toast war schwarz verkohlt."
"Sinn";"sense";"This sentence doesn't make sense.";"Dieser Satz ergibt keinen Sinn."
"addieren";"add";"Please add up the numbers.";"Bitte addiere die Zahlen."
"Regel";"rule";"The rule should be revised.";"Die Regel sollte überarbeitet werden."
"reichen";"pass";"Pass me the salt, please.";"Reiche mir bitte das Salz."
"verkaufen";"sell";"We sell goods on commission.";"Wir verkaufen Waren in Kommission."
"kurz";"short";"Mozart's life was very short.";"Mozarts Leben war sehr kurz."
"sich verständigen";"agree";"I don't agree with him.";"Ich stimme ihm nicht zu."
"Gesetz";"law";"The law was enforced immediately.";"Dem Gesetz wurde sofort Geltung verschafft."
"alles";"everything";"Gold will not buy everything.";"Mit Gold kann man nicht alles kaufen."
"Forschung";"research";"He dedicates himself to research.";"Er widmet sich der Forschung."
"Papier";"paper";"Did you cut the paper?";"Hast du das Papier geschnitten?"
"Stelle";"position";"He applied for the position.";"Er bewarb sich auf die Stelle."
"menschlich";"human";"This dog is almost human.";"Dieser Hund ist fast menschlich."
"Computer";"computer";"Aaah!! My computer is broken!";"Aaah!! Mein Computer ist kaputt!"
"Situation";"situation";"The situation is growing serious.";"Die Situation wird immer ernster."
"Mitarbeiter";"staff";"Admittance to staff members only.";"Zutritt nur für Mitarbeiter."
"Unternehmung";"activity";"Reading is a good activity.";"Lesen ist eine gute Tat."
"Film";"film";"Did you enjoy the film?";"Hat euch der Film gefallen?"
"Krieg";"war";"Hitler led Germany into war.";"Hitler führte Deutschland in den Krieg."
"Laden";"shop";"The shop is closed today.";"Der Laden ist heute geschlossen."
"wichtig, bedeutend";"major";"That is your major problem.";"Das ist dein Hauptproblem."
"jemand";"someone";"Someone is at the door.";"Es ist jemand an der Tür."
"über";"above";"John lives above his means.";"John lebt über seine Verhältnisse."
"Design";"design";"This is an ugly design.";"Das ist ein hässliches Design."
"Ereignis";"event";"This is an important event.";"Dies ist ein wichtiges Ereignis."
"besondere";"special";"This package requires special treatment.";"Dieses Paket erfordert besondere Behandlung."
"manchmal";"sometimes";"The roses sometimes grow wild.";"Manchmal wachsen Rosen wild."
"Zustand, Verfassung";"condition";"We are in good condition.";"Wir sind gut in Form."
"tragen";"carry";"Carry the table out, please.";"Trag bitte den Tisch hinaus."
"wählen";"choose";"Choose one from among these.";"Wähle von diesen einen aus."
"Vater";"father";"Mary takes after her father.";"Maria gerät nach ihrem Vater."
"Entscheidung";"decision";"I don't approve your decision.";"Ich billige Ihre Entscheidung nicht."
"schneiden";"cut";"Cut, wash and dry, please.";"Schneiden, waschen und föhnen bitte."
"beschreiben";"describe";"Can you describe the object?";"Können Sie den Gegenstand beschreiben?"
"sich";"himself";"One day he killed himself.";"Eines Tages brachte er sich um."
"verfügbar";"available";"Tickets are available online only.";"Eintrittskarten sind nur im Netz verfügbar."
"besonders";"especially";"Antique carpets are especially valuable.";"Antike Teppiche sind besonders wertvoll."
"stark";"strong";"This whisky is too strong.";"Dieser Whisky ist zu stark."
"steigen";"rise";"Prices will continue to rise.";"Die Preise werden weiter steigen."
"vielleicht";"maybe";"Maybe he liked the idea.";"Vielleicht gefiel ihm die Idee."
"Gemeinde";"community";"That will benefit the community.";"Das wird der Gemeinde nützen."
"anderer";"else";"Nobody else offered to help.";"Kein anderer bot seine Hilfe an."
"besonders";"particular";"I'm in no particular hurry.";"Ich hab's nicht besonders eilig."
"Rolle";"role";"Play the role of Hamlet.";"Spiele die Rolle des Hamlet!"
"anschließen";"join";"You're welcome to join us.";"Sie können sich uns gerne anschließen."
"schwer";"difficult";"English is difficult to learn.";"Englisch ist schwer zu lernen."
"bitte";"please";"Where are the eggs, please?";"Wo sind bitte die Eier?"
"Detail";"detail";"He explained it in detail.";"Er hat es im Detail erklärt."
"Unterschied";"difference";"That won't make any difference.";"Das macht keinen Unterschied."
"Handlung";"action";"Every action has its consequence.";"Jede Handlung hat ihre Folgen."
"Gesundheit";"health";"I envy your good health.";"Ich beneide dich um deine Gesundheit."
"essen";"eat";"Can you eat raw oysters?";"Kannst du rohe Austern essen?"
"Schritt";"step";"He took a step forward.";"Er machte einen Schritt nach vorn."
"wahr";"TRUE";"I thought it was true.";"Ich dachte, es wäre wahr."
"anrufen";"phone";"Let's make a phone call.";"Lassen Sie uns einen Anruf tätigen."
"sich";"themselves";"They armed themselves with rifles.";"Sie bewaffneten sich mit Gewehren."
"ziehen";"draw";"Do not draw hasty conclusions.";"Ziehen Sie keine voreiligen Schlüsse."
"weiß";"white";"Please paint the door white.";"Bitte streichen Sie die Tür weiß."
"Modell";"model";"I made a model plane.";"Ich habe ein Modellflugzeug gebaut."
"Kunde";"customer";"The customer did not come.";"Der Kunde ist nicht gekommen."
"erklären";"explain";"I can't explain it either.";"Ich kann es auch nicht erklären."
"Tür";"door";"Mary closed the door quietly.";"Marie schloss die Tür vorsichtig."
"hinter";"behind";"Shut the door behind you.";"Schließe die Türe hinter dir."
"ökonomisch";"economic";"He has much economic knowledge.";"Er hat gute Wirtschaftskenntnisse."
"Seite";"site";"This site is really great!";"Diese Seite ist wirklich toll!"
"Lehrer";"teacher";"Mr Kato is a teacher.";"Herr Kato ist Lehrer."
"Land";"land";"The land yields heavy crops.";"Das Land erbringt ertragreiche Ernten."
"berechnen, aufladen";"charge";"Charge this bill to me.";"Die Rechnung geht auf mich."
"schließlich";"finally";"Finally, she chose another kitten.";"Schließlich wählte sie ein anderes Kätzchen aus."
"Zeichen";"sign";"We talked in sign language.";"Wir haben in Zeichensprache gesprochen."
